Workbook

Sheet 1_Payment_Log
A1: · Supplier & Employee Payment Processing Log
A2: Finance Operations — Payments Team | Period: March 2025 | Analyst: Vijay Shankar Rai
A3: Payment ID | B3: Supplier / Employee | C3: Payment Type | D3: Invoice No. | E3: Invoice Amount (£) | F3: Due Date | G3: Payment Date | H3: Days Early/Late | I3: Payment Method | J3: Status | K3: Failure Reason | L3: Action Taken
A4: PAY-2025-100 | B4: Sarah Jones (T&E) | C4: Employee T&E | D4: INV-40180 | E4: 1800 | F4: 45737 | G4: 45736 | H4: =IFERROR(G4-F4,"-") -> -1 | I4: CHAPS | J4: Paid
A5: PAY-2025-101 | B5: Global Print Co. | C5: Supplier Invoice | D5: INV-79574 | E5: 2500 | F5: 45741 | G5: 45738 | H5: =IFERROR(G5-F5,"-") -> -3 | I5: Wire Transfer | J5: Paid
A6: PAY-2025-102 | B6: Catering Services | C6: Supplier Invoice | D6: INV-90375 | E6: 6000 | F6: 45724 | G6: 45721 | H6: =IFERROR(G6-F6,"-") -> -3 | I6: Wire Transfer | J6: Paid
A7: PAY-2025-103 | B7: HR Consulting Ltd | C7: Supplier Invoice | D7: INV-29959 | E7: 4500 | F7: 45745 | G7: 45744 | H7: =IFERROR(G7-F7,"-") -> -1 | I7: SEPA | J7: Paid
A8: PAY-2025-104 | B8: Catering Services | C8: Supplier Invoice | D8: INV-71477 | E8: 3200 | F8: 45720 | G8: 45720 | H8: =IFERROR(G8-F8,"-") -> 0 | I8: BACS | J8: Paid
A9: PAY-2025-105 | B9: John Smith (T&E) | C9: Employee T&E | D9: INV-65732 | E9: 2500 | F9: 45735 | G9: 45735 | H9: =IFERROR(G9-F9,"-") -> 0 | I9: CHAPS | J9: Paid
A10: PAY-2025-106 | B10: Facilities Mgmt | C10: Supplier Invoice | D10: INV-89365 | E10: 750 | F10: 45732 | G10: 45731 | H10: =IFERROR(G10-F10,"-") -> -1 | I10: SEPA | J10: Paid
A11: PAY-2025-107 | B11: HR Consulting Ltd | C11: Supplier Invoice | D11: INV-67896 | E11: 1200 | F11: 45724 | G11: 45723 | H11: =IFERROR(G11-F11,"-") -> -1 | I11: Wire Transfer | J11: Paid
A12: PAY-2025-108 | B12: Facilities Mgmt | C12: Supplier Invoice | D12: INV-13054 | E12: 1200 | F12: 45719 | G12: 45719 | H12: =IFERROR(G12-F12,"-") -> 0 | I12: CHAPS | J12: Paid
A13: PAY-2025-109 | B13: Sarah Jones (T&E) | C13: Employee T&E | D13: INV-28731 | E13: 750 | F13: 45731 | G13: 45731 | H13: =IFERROR(G13-F13,"-") -> 0 | I13: BACS | J13: Paid
A14: PAY-2025-110 | B14: John Smith (T&E) | C14: Employee T&E | D14: INV-78603 | E14: 4500 | F14: 45728 | G14: 45727 | H14: =IFERROR(G14-F14,"-") -> -1 | I14: SEPA | J14: Paid
A15: PAY-2025-111 | B15: TechSupplies Ltd | C15: Supplier Invoice | D15: INV-81495 | E15: 1800 | F15: 45732 | G15: 45730 | H15: =IFERROR(G15-F15,"-") -> -2 | I15: SEPA | J15: Paid
... A25: PAY-2025-121 | B25: John Smith (T&E) | C25: Employee T&E | D25: INV-19132 | E25: 6000 | F25: 45731 | G25: 45729 | H25: =IFERROR(G25-F25,"-") -> -2 | I25: Wire Transfer | J25: Paid
A26: PAY-2025-122 | B26: Travel Agency Pro | C26: Supplier Invoice | D26: INV-79893 | E26: 3200 | F26: 45743 | H26: =IFERROR(G26-F26,"-") -> -45743 | I26: CHAPS | J26: Failed | K26: Currency mismatch | L26: FX team contacted — corrected rate applied
A27: PAY-2025-123 | B27: Legal Services LLP | C27: Supplier Invoice | D27: INV-47000 | E27: 2500 | F27: 45731 | H27: =IFERROR(G27-F27,"-") -> -45731 | I27: SEPA | J27: Failed | K27: Duplicate invoice detected | L27: Flagged to AP team — invoice voided — supplier notified
A28: PAY-2025-124 | B28: Tom Wilson (T&E) | C28: Employee T&E | D28: INV-54151 | E28: 6000 | F28: 45724 | H28: =IFERROR(G28-F28,"-") -> -45724 | I28: CHAPS | J28: Failed | K28: System processing error | L28: IT ticket raised — manual processing initiated
A29: PAY-2025-125 | B29: TechSupplies Ltd | C29: Supplier Invoice | D29: INV-35333 | E29: 3200 | F29: 45740 | H29: =IFERROR(G29-F29,"-") -> -45740 | I29: CHAPS | J29: Failed | K29: Invoice amount exceeds approval limit | L29: Sent for senior approval — awaiting sign-off
A30: PAY-2025-126 | B30: Travel Agency Pro | C30: Supplier Invoice | D30: INV-63509 | E30: 4500 | F30: 45741 | H30: =IFERROR(G30-F30,"-") -> -45741 | I30: BACS | J30: Failed | K30: Missing purchase order reference | L30: Requested PO from procurement — resubmission pending
A31: PAY-2025-127 | B31: John Smith (T&E) | C31: Employee T&E | D31: INV-10169 | E31: 750 | F31: 45734 | H31: =IFERROR(G31-F31,"-") -> -45734 | I31: Wire Transfer | J31: Failed | K31: Missing purchase order reference | L31: Requested PO from procurement — resubmission pending
A32: PAY-2025-128 | B32: Travel Agency Pro | C32: Supplier Invoice | D32: INV-36908 | E32: 1200 | F32: 45734 | H32: =IFERROR(G32-F32,"-") -> -45734 | I32: BACS | J32: Failed | K32: Currency mismatch | L32: FX team contacted — corrected rate applied
A33: PAY-2025-129 | B33: Sarah Jones (T&E) | C33: Employee T&E | D33: INV-36251 | E33: 8500 | F33: 45734 | H33: =IFERROR(G33-F33,"-") -> -45734 | I33: BACS | J33: Failed | K33: Invoice amount exceeds approval limit | L33: Sent for senior approval — awaiting sign-off
A34: PAY-2025-130 | B34: Marketing Agency X | C34: Supplier Invoice | D34: INV-14189 | E34: 750 | F34: 45736 | H34: =IFERROR(G34-F34,"-") -> -45736 | I34: BACS | J34: Pending
A35: PAY-2025-131 | B35: David Lee (T&E) | C35: Employee T&E | D35: INV-92103 | E35: 3200 | F35: 45735 | H35: =IFERROR(G35-F35,"-") -> -45735 | I35: Wire Transfer | J35: Pending
A36: PAY-2025-132 | B36: David Lee (T&E) | C36: Employee T&E | D36: INV-23121 | E36: 1800 | F36: 45742 | H36: =IFERROR(G36-F36,"-") -> -45742 | I36: SEPA | J36: Pending
A37: PAY-2025-133 | B37: Maria Brown (T&E) | C37: Employee T&E | D37: INV-53130 | E37: 2500 | F37: 45732 | H37: =IFERROR(G37-F37,"-") -> -45732 | I37: CHAPS | J37: Pending
A38: PAY-2025-134 | B38: IT Support Co. | C38: Supplier Invoice | D38: INV-83647 | E38: 4500 | F38: 45731 | H38: =IFERROR(G38-F38,"-") -> -45731 | I38: CHAPS | J38: Pending
A39: PAY-2025-135 | B39: Marketing Agency X | C39: Supplier Invoice | D39: INV-70707 | E39: 1800 | F39: 45726 | H39: =IFERROR(G39-F39,"-") -> -45726 | I39: Wire Transfer | J39: Pending
A40: PAY-2025-136 | B40: Maria Brown (T&E) | C40: Employee T&E | D40: INV-92031 | E40: 6000 | F40: 45736 | H40: =IFERROR(G40-F40,"-") -> -45736 | I40: SEPA | J40: Pending
A41: PAY-2025-137 | B41: Global Print Co. | C41: Supplier Invoice | D41: INV-70276 | E41: 8500 | F41: 45725 | H41: =IFERROR(G41-F41,"-") -> -45725 | I41: Wire Transfer | J41: Pending
A42: PAY-2025-138 | B42: Global Print Co. | C42: Supplier Invoice | D42: INV-74765 | E42: 3200 | F42: 45743 | H42: =IFERROR(G42-F42,"-") -> -45743 | I42: BACS | J42: On Hold
A43: PAY-2025-139 | B43: Travel Agency Pro | C43: Supplier Invoice | D43: INV-99211 | E43: 500 | F43: 45736 | H43: =IFERROR(G43-F43,"-") -> -45736 | I43: Wire Transfer | J43: On Hold
A44: TOTALS / SUMMARY | E44: =SUM(E4:E43) -> 123200

Sheet 2_Failed_Payments
A1: · Failed Payments Exception Report — March 2025
A2: Requires immediate action | All failures must be resolved within 48 hours | Escalate to Finance Manager if unresolved
A3: Payment ID | B3: Supplier/Employee | C3: Amount (£) | D3: Due Date | E3: Failure Reason | F3: Priority | G3: Action Required | H3: Owner | I3: Target Resolution | J3: Status
A4: ='1_Payment_Log'!A26 -> PAY-2025-122 | B4: ='1_Payment_Log'!B26 -> Travel Agency Pro | C4: ='1_Payment_Log'!E26 -> 3200 | D4: ='1_Payment_Log'!F26 -> 45743 | E4: Currency mismatch | F4: MEDIUM | G4: Correct FX rate — reprocess payment | H4: V. Shankar Rai | I4: Within 48 hours | J4: Open
A5: ='1_Payment_Log'!A27 -> PAY-2025-123 | B5: ='1_Payment_Log'!B27 -> Legal Services LLP | C5: ='1_Payment_Log'!E27 -> 2500 | D5: ='1_Payment_Log'!F27 -> 45731 | E5: Duplicate invoice detected | F5: MEDIUM | G5: Void duplicate — notify supplier — close invoice | H5: V. Shankar Rai | I5: Within 48 hours | J5: Open
A6: ='1_Payment_Log'!A28 -> PAY-2025-124 | B6: ='1_Payment_Log'!B28 -> Tom Wilson (T&E) | C6: ='1_Payment_Log'!E28 -> 6000 | D6: ='1_Payment_Log'!F28 -> 45724 | E6: System processing error | F6: HIGH | G6: Raise IT ticket P1 — process manually if needed | H6: V. Shankar Rai | I6: Within 48 hours | J6: Open
A7: ='1_Payment_Log'!A29 -> PAY-2025-125 | B7: ='1_Payment_Log'!B29 -> TechSupplies Ltd | C7: ='1_Payment_Log'!E29 -> 3200 | D7: ='1_Payment_Log'!F29 -> 45740 | E7: Invoice amount exceeds approval limit | F7: HIGH | G7: Route to senior approver — obtain sign-off urgently | H7: V. Shankar Rai | I7: Within 48 hours | J7: Open
A8: ='1_Payment_Log'!A30 -> PAY-2025-126 | B8: ='1_Payment_Log'!B30 -> Travel Agency Pro | C8: ='1_Payment_Log'!E30 -> 4500 | D8: ='1_Payment_Log'!F30 -> 45741 | E8: Missing purchase order reference | F8: HIGH | G8: Obtain PO from procurement — resubmit within 24hrs | H8: V. Shankar Rai | I8: Within 48 hours | J8: Open
A9: ='1_Payment_Log'!A31 -> PAY-2025-127 | B9: ='1_Payment_Log'!B31 -> John Smith (T&E) | C9: ='1_Payment_Log'!E31 -> 750 | D9: ='1_Payment_Log'!F31 -> 45734 | E9: Missing purchase order reference | F9: HIGH | G9: Obtain PO from procurement — resubmit within 24hrs | H9: V. Shankar Rai | I9: Within 48 hours | J9: Open
A10: ='1_Payment_Log'!A32 -> PAY-2025-128 | B10: ='1_Payment_Log'!B32 -> Travel Agency Pro | C10: ='1_Payment_Log'!E32 -> 1200 | D10: ='1_Payment_Log'!F32 -> 45734 | E10: Currency mismatch | F10: MEDIUM | G10: Correct FX rate — reprocess payment | H10: V. Shankar Rai | I10: Within 48 hours | J10: Open
A11: ='1_Payment_Log'!A33 -> PAY-2025-129 | B11: ='1_Payment_Log'!B33 -> Sarah Jones (T&E) | C11: ='1_Payment_Log'!E33 -> 8500 | D11: ='1_Payment_Log'!F33 -> 45734 | E11: Invoice amount exceeds approval limit | F11: HIGH | G11: Route to senior approver — obtain sign-off urgently | H11: V. Shankar Rai | I11: Within 48 hours | J11: Open
A14: EXCEPTION SUMMARY
A15: Total Failed Payments | F15: =COUNTIF('1_Payment_Log'!J:J,"Failed") -> 8
A16: Total Value Failed (£) | F16: =SUMIF('1_Payment_Log'!J:J,"Failed",'1_Payment_Log'!E:E) -> 29850
A17: Critical Priority | F17: =COUNTIF(F4:F11,"CRITICAL") -> 0
A18: High Priority | F18: =COUNTIF(F4:F11,"HIGH") -> 5

Sheet 3_Supplier_Lookup
A1: · Supplier Payment Lookup — Using VLOOKUP
A2: Enter Supplier Name in yellow cell to instantly retrieve all payment details
A4: SUPPLIER MASTER TABLE | F4: VLOOKUP LOOKUP TOOL
A5: Supplier Name | B5: Bank Sort Code | C5: Account Number | D5: Payment Terms | F5: Enter Supplier Name: | G5: TechSupplies Ltd
A6: TechSupplies Ltd | B6: 20-11-33 | C6: 31245678 | D6: Net 30 | F6: Bank Sort Code | G6: =IFERROR(VLOOKUP(G5,A6:D17,2,FALSE()),"Not Found") -> 20-11-33
A7: Global Print Co. | B7: 40-22-44 | C7: 87654321 | D7: Net 14 | F7: Account Number | G7: =IFERROR(VLOOKUP(G5,A6:D17,3,FALSE()),"Not Found") -> 31245678
A8: Office Essentials | B8: 30-33-55 | C8: 11223344 | D8: Net 30 | F8: Payment Terms | G8: =IFERROR(VLOOKUP(G5,A6:D17,4,FALSE()),"Not Found") -> Net 30
A9: CloudHost Services | B9: 60-44-66 | C9: 55667788 | D9: Net 7 | F9: Total Paid (£) | G9: =IFERROR(SUMIF('1_Payment_Log'!B:B,G5,'1_Payment_Log'!E:E),0) -> 5000
A10: Marketing Agency X | B10: 50-55-77 | C10: 99001122 | D10: Net 45 | F10: No. of Payments | G10: =IFERROR(COUNTIF('1_Payment_Log'!B:B,G5),0) -> 2
A11: HR Consulting Ltd | B11: 20-66-88 | C11: 33445566 | D11: Net 30 | F11: Failed Payments | G11: =IFERROR(COUNTIFS('1_Payment_Log'!B:B,G5,'1_Payment_Log'!J:J,"Failed"),0) -> 1
A12: Legal Services LLP | B12: 40-77-99 | C12: 77889900 | D12: Net 30
A13: IT Support Co. | B13: 30-88-11 | C13: 12345099 | D13: Net 14 | F13: Change supplier name in yellow cell — all fields update automatically via VLOOKUP!
A14: Facilities Mgmt | B14: 60-99-22 | C14: 98765432 | D14: Net 30
A15: Catering Services | B15: 50-11-33 | C15: 11112222 | D15: Net 7
A16: Travel Agency Pro | B16: 20-22-44 | C16: 33334444 | D16: Net 30
A17: Software Vendors Ltd | B17: 40-33-55 | C17: 55556666 | D17: Net 14

Sheet 4_Dashboard
A1: · Payment Operations Dashboard — March 2025
A2: KEY PAYMENT METRICS
A3: Total Payments | C3: ✅ Paid | E3: ⏳ Pending | G3: ❌ Failed | I3: 💰 Total Value
A5: =COUNTA('1_Payment_Log'!A4:A43) -> 40 | C5: =COUNTIF('1_Payment_Log'!J:J,"Paid") -> 22 | E5: =COUNTIF('1_Payment_Log'!J:J,"Pending") -> 8 | G5: =COUNTIF('1_Payment_Log'!J:J,"Failed") -> 8 | I5: =SUM('1_Payment_Log'!E4:E43) -> 123200
A8: PAYMENT STATUS BREAKDOWN & SUPPLIER ANALYSIS
A9: Status | B9: Count | D9: Supplier | E9: Total Paid (£) | F9: No. Payments
A10: Paid | B10: =COUNTIF('1_Payment_Log'!J:J,A10) -> 22 | D10: TechSupplies Ltd | E10: =SUMIF('1_Payment_Log'!B:B,D10,'1_Payment_Log'!E:E) -> 5000 | F10: =COUNTIF('1_Payment_Log'!B:B,D10) -> 2
A11: Pending | B11: =COUNTIF('1_Payment_Log'!J:J,A11) -> 8 | D11: Global Print Co. | E11: =SUMIF('1_Payment_Log'!B:B,D11,'1_Payment_Log'!E:E) -> 14200 | F11: =COUNTIF('1_Payment_Log'!B:B,D11) -> 3
A12: Failed | B12: =COUNTIF('1_Payment_Log'!J:J,A12) -> 8 | D12: Office Essentials | E12: =SUMIF('1_Payment_Log'!B:B,D12,'1_Payment_Log'!E:E) -> 4500 | F12: =COUNTIF('1_Payment_Log'!B:B,D12) -> 1
A13: On Hold | B13: =COUNTIF('1_Payment_Log'!J:J,A13) -> 2 | D13: CloudHost Services | E13: =SUMIF('1_Payment_Log'!B:B,D13,'1_Payment_Log'!E:E) -> 0 | F13: =COUNTIF('1_Payment_Log'!B:B,D13) -> 0
D14: Marketing Agency X | E14: =SUMIF('1_Payment_Log'!B:B,D14,'1_Payment_Log'!E:E) -> 2550 | F14: =COUNTIF('1_Payment_Log'!B:B,D14) -> 2
A31: PAYMENT PERFORMANCE NOTES
A32: ✅ Payment success rate above 55% — within acceptable operational threshold for March.
A33: 🔴 8 failed payments require immediate resolution — see Sheet 2 Exception Report for actions.
A34: 📊 VLOOKUP tool on Sheet 3 enables instant supplier bank detail verification before processing.
A35: 📋 All failed payments logged with action owners — target resolution within 48 hours per SLA.
